Provider,Plan_Data,Validity_Days,Price,Countries_Covered,Network_Speed,Activation_Type,Affiliate_Link,Badge
Airalo,,,,,,,https://www.airalo.com,Best for Global Coverage
Holafly,,,,,,,https://esim.holafly.com,Best for Unlimited Data
Nomad,,,,,,,https://www.getnomad.app,Best for Budget Travelers
aloSIM,,,,,,,https://www.alosim.com,Best for North America
GigSky,,,,,,,https://www.gigsky.com,Best for Business Travel
SimOptions,,,,,,,https://www.simoptions.com,Best for Long-Term Travel
KeepGo,,,,,,,https://www.keepgo.com,Best for Lifetime Data
Dent Wireless,,,,,,,https://www.dentwireless.com,Best for Crypto Integration
Ubigi,,,,,,,https://www.ubigi.com,Best for Asia-Pacific
Flexiroam,,,,,,,https://www.flexiroam.com,Best for Flexible Top-ups
